Name,Age,Email,D.O.B,Phone,Insurance,Address
"Charlotte Brown","30 years old",charlotteb@hotmail.com,"November 22, 1995","(402) 871-6163",Ameritas,"744 Stone Ct. Omaha, NE"
"John Thomas","21 years old",johnthomas@outlook.com,"July 1, 2005","(702) 698-3584",Guardian,"1883 Independence Blvd. Las Vegas, NV"
"Karen Thompson","23 years old",karenthompson@icloud.com,"April 7, 2003","(614) 825-1755",Guardian,"1455 Veterans Blvd. Columbus, OH"
"Thomas Rodriguez","19 years old",thomasr@outlook.com,"June 10, 2007","(210) 693-4152",Humana,"1149 Forest Dr. San Antonio, TX"
"Alexander Garcia","18 years old",agarcia@icloud.com,"July 15, 2008","(215) 597-5418",Humana,"1375 Commerce Blvd. Philadelphia, PA"
"Harper Wilson","50 years old",hwilson@icloud.com,"June 28, 1976","(617) 152-1345",Guardian,"1835 Elm St. Boston, MA"
"Penelope Thompson","21 years old",pthompson@outlook.com,"August 17, 2004","(918) 309-9219",Guardian,"1817 Gateway Blvd. Tulsa, OK"
"Sarah Hernandez","55 years old",sarahhernandez@hotmail.com,"August 14, 1970","(504) 430-4185",Guardian,"767 Cedar St. New Orleans, LA"
"Jack Williams","32 years old",jackwilliams@gmail.com,"November 17, 1993","(313) 555-9665",Ameritas,"1341 Central Ave. Detroit, MI"
"Harper Martinez","53 years old",harperm@hotmail.com,"August 30, 1972","(614) 122-1569","Delta Dental","272 Elm St. Columbus, OH"
"Jennifer Williams","44 years old",jenniferw@yahoo.com,"September 22, 1981","(313) 671-5413",Cigna,"480 Stone Ct. Detroit, MI"
"Jennifer Gonzalez","58 years old",jenniferg@outlook.com,"March 7, 1968","(512) 925-3038",Ameritas,"730 Jackson St. Austin, TX"
"Ella Martin","50 years old",ellam@outlook.com,"October 25, 1975","(504) 523-3700",Ameritas,"755 Dogwood Cir. New Orleans, LA"
"Logan Ramirez","52 years old",lramirez@icloud.com,"October 10, 1973","(702) 934-7263",Ameritas,"413 Liberty Ave. Las Vegas, NV"
"Elijah Wilson","34 years old",elijahw@yahoo.com,"March 7, 1992","(602) 496-7529",Cigna,"1696 Valley Dr. Phoenix, AZ"
"Harper Anderson","32 years old",handerson@gmail.com,"April 25, 1994","(213) 736-0147","Delta Dental","364 Jackson St. Los Angeles, CA"
"Jackson Jackson","29 years old",jacksonj@yahoo.com,"October 2, 1996","(904) 072-0663",Guardian,"1624 Pebble Ct. Jacksonville, FL"
"John Thompson","50 years old",johnthompson@outlook.com,"April 5, 1976","(414) 493-1531",Humana,"1770 Hill St. Milwaukee, WI"
"Oliver Lee","30 years old",oliverlee@gmail.com,"July 4, 1996","(804) 932-1140",Humana,"1138 Cedar St. Richmond, VA"
"David Lewis","31 years old",davidlewis@outlook.com,"February 20, 1995","(212) 628-1394","Delta Dental","1762 Evergreen Cir. New York, NY"
"Logan Anderson","27 years old",landerson@gmail.com,"February 16, 1999","(202) 380-3972",Humana,"325 Heritage Blvd. Washington, DC"
"Aria Jackson","47 years old",ajackson@outlook.com,"July 23, 1978","(415) 917-9396","Delta Dental","930 Oak St. San Francisco, CA"
"Owen Brown","42 years old",owenbrown@outlook.com,"March 22, 1984","(317) 995-7323",Cigna,"1376 Chestnut St. Indianapolis, IN"
"Richard Taylor","35 years old",richardt@yahoo.com,"March 1, 1991","(504) 945-5451",Ameritas,"1318 Broadway Ave. New Orleans, LA"
"Michael White","25 years old",michaelwhite@icloud.com,"November 20, 2000","(312) 188-8720","Delta Dental","650 Martin Luther King Jr. Blvd. Chicago, IL"
"Lucas Garcia","30 years old",lucasg@hotmail.com,"July 21, 1995","(408) 305-4233",Guardian,"1451 Sunset Dr. San Jose, CA"
"Thomas White","27 years old",twhite@icloud.com,"September 21, 1998","(303) 805-7741",Humana,"719 Elm St. Denver, CO"
"Logan Davis","51 years old",logandavis@icloud.com,"August 5, 1974","(313) 073-0429",Guardian,"1239 Martin Luther King Jr. Blvd. Detroit, MI"
"Ryan Williams","49 years old",rwilliams@icloud.com,"April 15, 1977","(402) 830-5711","Delta Dental","901 Adams St. Omaha, NE"
"Lucas Jones","39 years old",ljones@gmail.com,"December 4, 1986","(615) 424-3630","Delta Dental","1542 Market St. Nashville, TN"
"Lucas Thompson","58 years old",lucasthompson@gmail.com,"October 13, 1967","(704) 782-9836",Guardian,"1707 Birch Cir. Charlotte, NC"
"Lucas Jones","53 years old",ljones@yahoo.com,"October 24, 1972","(619) 141-2592",Ameritas,"546 Independence Blvd. San Diego, CA"
"Liam White","55 years old",lwhite@yahoo.com,"February 8, 1971","(303) 934-5909",Ameritas,"310 Commerce Blvd. Denver, CO"
"Michael Rodriguez","52 years old",mrodriguez@gmail.com,"November 9, 1973","(303) 016-2342",Humana,"1743 Martin Luther King Jr. Blvd. Denver, CO"
"Charles Wilson","48 years old",charleswilson@gmail.com,"September 19, 1977","(317) 184-5692",Guardian,"676 Madison St. Indianapolis, IN"
"Mia Williams","31 years old",mwilliams@hotmail.com,"July 6, 1995","(617) 148-6683","Delta Dental","1570 Madison St. Boston, MA"
"Ava Moore","36 years old",amoore@gmail.com,"July 25, 1989","(808) 996-8052",Guardian,"388 Willow Dr. Honolulu, HI"
"Richard Lee","47 years old",richardlee@gmail.com,"November 18, 1978","(817) 686-8937",Guardian,"793 Laurel Cir. Fort Worth, TX"
"Jessica Perez","46 years old",jessicaperez@yahoo.com,"October 19, 1979","(317) 781-3620",Humana,"1551 Oak St. Indianapolis, IN"
"Evelyn Jackson","33 years old",evelynj@yahoo.com,"January 21, 1993","(704) 691-7568",Ameritas,"527 Liberty Ave. Charlotte, NC"
"Avery Ramirez","49 years old",aramirez@gmail.com,"November 30, 1976","(206) 997-5616","Delta Dental","1610 Central Ave. Seattle, WA"
"Ethan Sanchez","46 years old",ethans@gmail.com,"October 1, 1979","(210) 173-7530","Delta Dental","1640 Park St. San Antonio, TX"
"Aria Williams","57 years old",ariaw@yahoo.com,"December 9, 1968","(817) 346-6010",Ameritas,"1656 Heritage Blvd. Fort Worth, TX"
"William Clark","48 years old",williamclark@icloud.com,"August 12, 1977","(408) 630-4670",Guardian,"908 Ridge Dr. San Jose, CA"
"Amelia Taylor","21 years old",ataylor@outlook.com,"July 8, 2005","(214) 268-1501",Humana,"1082 Hill St. Dallas, TX"
"Oliver Rodriguez","38 years old",orodriguez@gmail.com,"February 20, 1988","(414) 655-4558","Delta Dental","37 Park St. Milwaukee, WI"
"Lucas Clark","35 years old",lucasc@yahoo.com,"October 2, 1990","(213) 645-9482","Delta Dental","1993 Victoria Ave. Los Angeles, CA"
"Owen Martin","52 years old",omartin@hotmail.com,"December 29, 1973","(206) 439-6275",Humana,"1889 Evergreen Cir. Seattle, WA"
"Mason Martinez","27 years old",masonm@outlook.com,"November 26, 1998","(804) 490-2504","Delta Dental","1300 Brookside Dr. Richmond, VA"
"Sophia Clark","43 years old",sophiac@icloud.com,"February 1, 1983","(202) 953-8226","Delta Dental","161 Valley Dr. Washington, DC"
"Evelyn Lopez","20 years old",evelynlopez@hotmail.com,"January 8, 2006","(617) 603-7977",Humana,"12 Laurel Cir. Boston, MA"
"Ava Martin","51 years old",avam@icloud.com,"September 29, 1974","(312) 978-4826","Delta Dental","1368 Pebble Ct. Chicago, IL"
"Nora Perez","56 years old",norap@outlook.com,"November 5, 1969","(504) 302-1187",Humana,"1580 Elm St. New Orleans, LA"
"David Martinez","57 years old",davidm@hotmail.com,"June 20, 1969","(408) 611-1354",Cigna,"1972 Ash Cir. San Jose, CA"
"Oliver Lopez","23 years old",olopez@icloud.com,"December 25, 2002","(408) 147-0200",Cigna,"760 River St. San Jose, CA"
"Jackson Brown","43 years old",jacksonb@icloud.com,"November 28, 1982","(512) 485-4040",Guardian,"1316 Elm St. Austin, TX"
"William Martin","51 years old",williammartin@outlook.com,"November 24, 1974","(713) 904-2759","Delta Dental","1146 Orchard Cir. Houston, TX"
"Owen Sanchez","30 years old",owensanchez@icloud.com,"September 28, 1995","(704) 070-8886",Guardian,"1721 Washington St. Charlotte, NC"
"Susan Hernandez","33 years old",shernandez@icloud.com,"July 11, 1993","(512) 268-8142",Humana,"1722 Highland Ave. Austin, TX"
"Michael Brown","31 years old",michaelbrown@icloud.com,"December 3, 1994","(713) 212-9806",Ameritas,"1706 Chestnut St. Houston, TX"
"Aria Williams","39 years old",awilliams@hotmail.com,"September 27, 1986","(312) 839-4610",Guardian,"1461 Birch Cir. Chicago, IL"
"Mia Harris","29 years old",mharris@icloud.com,"June 10, 1997","(918) 741-3783",Humana,"1302 Park St. Tulsa, OK"
"Nora Jones","38 years old",norajones@outlook.com,"June 11, 1988","(317) 374-2915",Cigna,"1126 Juniper Cir. Indianapolis, IN"
"Sophia Perez","35 years old",sophiaperez@icloud.com,"June 21, 1991","(918) 951-0912",Humana,"575 Stone Ct. Tulsa, OK"
"Penelope Thompson","52 years old",pthompson@gmail.com,"May 21, 1974","(704) 164-8209",Guardian,"84 Highland Ave. Charlotte, NC"
"Barbara Anderson","32 years old",banderson@gmail.com,"April 26, 1994","(504) 703-4532",Cigna,"1080 Kingfisher Ct. New Orleans, LA"
"Ethan Brown","30 years old",ethanb@hotmail.com,"November 3, 1995","(817) 680-0406","Delta Dental","1302 Martin Luther King Jr. Blvd. Fort Worth, TX"
"Elijah Sanchez","18 years old",esanchez@hotmail.com,"April 27, 2008","(312) 801-3960",Humana,"749 Jefferson St. Chicago, IL"
"Jennifer Smith","19 years old",jsmith@icloud.com,"November 19, 2006","(702) 737-2046",Humana,"1338 Pine St. Las Vegas, NV"
"Ryan Taylor","49 years old",ryantaylor@hotmail.com,"February 13, 1977","(617) 541-7763",Guardian,"921 Prospect Ave. Boston, MA"
"Lina Johnson","45 years old",ljohnson@gmail.com,"December 23, 1980","(617) 112-9219",Humana,"49 Heritage Blvd. Boston, MA"
"Charles Garcia","58 years old",cgarcia@yahoo.com,"April 6, 1968","(313) 908-7659",Humana,"933 Elm St. Detroit, MI"
"Harper Lopez","56 years old",harperl@yahoo.com,"May 7, 1970","(415) 402-3245",Ameritas,"1750 Main St. San Francisco, CA"
"William Harris","59 years old",williamh@hotmail.com,"July 31, 1966","(303) 080-9166",Cigna,"1168 Commerce Blvd. Denver, CO"
"Henry Jones","28 years old",henryj@outlook.com,"July 7, 1998","(817) 040-0525",Guardian,"1105 Washington St. Fort Worth, TX"
"Aria Thompson","59 years old",athompson@icloud.com,"February 28, 1967","(317) 827-1399",Guardian,"1589 Gateway Blvd. Indianapolis, IN"
"Lucas Martinez","42 years old",lucasmartinez@gmail.com,"January 21, 1984","(918) 180-1405",Ameritas,"1148 Pebble Ct. Tulsa, OK"
"Ethan Martinez","52 years old",emartinez@hotmail.com,"April 2, 1974","(804) 575-6381",Ameritas,"285 Willow Dr. Richmond, VA"
"Joseph Thompson","26 years old",jthompson@outlook.com,"November 3, 1999","(614) 733-3634",Guardian,"1815 Sycamore Cir. Columbus, OH"
"Ava Taylor","40 years old",avataylor@gmail.com,"June 7, 1986","(602) 609-5559","Delta Dental","151 Market St. Phoenix, AZ"
"Oliver Moore","29 years old",omoore@yahoo.com,"January 20, 1997","(408) 268-5120",Cigna,"210 Meadow Dr. San Jose, CA"
"Sophia White","53 years old",sophiaw@icloud.com,"March 15, 1973","(804) 530-3975",Guardian,"68 Sunrise Blvd. Richmond, VA"
"Susan Johnson","23 years old",susanjohnson@outlook.com,"August 22, 2002","(317) 415-7821",Cigna,"1143 Hidden Ct. Indianapolis, IN"
"John Davis","42 years old",johnd@gmail.com,"September 18, 1983","(202) 370-0204",Cigna,"315 Valley Dr. Washington, DC"
"John Harris","18 years old",johnharris@gmail.com,"July 7, 2008","(704) 380-4701",Humana,"857 Harvest Ct. Charlotte, NC"
"Chloe Hernandez","50 years old",chloeh@gmail.com,"December 27, 1975","(210) 130-1090",Ameritas,"1674 Kingfisher Ct. San Antonio, TX"
"Evelyn Anderson","35 years old",eanderson@yahoo.com,"September 26, 1990","(303) 569-7734",Guardian,"994 Gateway Blvd. Denver, CO"
"Elijah Robinson","44 years old",elijahrobinson@hotmail.com,"October 4, 1981","(402) 445-9990",Ameritas,"1780 Lakeside Blvd. Omaha, NE"
"Sophia Davis","42 years old",sdavis@outlook.com,"March 1, 1984","(808) 685-6843",Ameritas,"288 Highland Dr. Honolulu, HI"
"Charlotte Jones","44 years old",charlottej@yahoo.com,"August 27, 1981","(504) 269-6904","Delta Dental","1405 Brookside Dr. New Orleans, LA"
"Henry Martinez","26 years old",henrymartinez@outlook.com,"February 17, 2000","(808) 562-2813",Ameritas,"1056 Birch Cir. Honolulu, HI"
"Jackson Martin","45 years old",jacksonmartin@yahoo.com,"June 2, 1981","(808) 728-7783","Delta Dental","931 Evergreen Cir. Honolulu, HI"
"Evelyn Sanchez","24 years old",esanchez@gmail.com,"December 19, 2001","(512) 329-3459",Humana,"1999 Market St. Austin, TX"
"Thomas Anderson","35 years old",tanderson@gmail.com,"April 5, 1991","(702) 726-8554",Cigna,"263 Adams St. Las Vegas, NV"
"Jackson Davis","44 years old",jdavis@gmail.com,"April 8, 1982","(210) 547-3582","Delta Dental","1058 Prospect Ave. San Antonio, TX"
"Charlotte Lee","47 years old",charlottel@hotmail.com,"April 5, 1979","(210) 873-9975",Ameritas,"1241 Cedar St. San Antonio, TX"
"Henry Williams","39 years old",hwilliams@outlook.com,"December 23, 1986","(904) 444-1712",Humana,"127 Gateway Blvd. Jacksonville, FL"
"Logan Wilson","47 years old",loganwilson@outlook.com,"April 12, 1979","(210) 761-2136",Ameritas,"1370 Heritage Blvd. San Antonio, TX"
"David Garcia","27 years old",dgarcia@gmail.com,"September 14, 1998","(415) 535-0887",Ameritas,"1662 Ash Cir. San Francisco, CA"
